Name	Frequency
1	0.12285
2	0.140049
3	0.223587
4	0.0589681
5	0.0515971
6	0.0737101
7	0.0515971
8	0.036855
9	0.0933661
10	0.113022
11	0.002457
12	0.031941
