Name	Count	Frequency	color
1	153	0.16758	#431d67
2	129	0.14129	#4b2173
3	223	0.24425	#3c1a5c
4	17	0.01862	#dbd2e3
5	68	0.07448	#9379ab
6	47	0.05148	#a590b9
7	33	0.03614	#b7a6c7
8	73	0.07996	#5d3781
9	70	0.07667	#81639d
10	73	0.07996	#6e4d8f
11	9	0.00986	#ede8f1
12	18	0.01972	#c9bcd5
